"District","year","n_bites","AnnualGrowthrate","Pop_size","bites_per_pop","bites_per_pop_per_100000","Setting","area_km2","tdogs","est_dogs","low_est_dogs","high_est_dogs","HDR","dog_density"
"Serengeti",2003,173,NA,182297,0.000949000806376408,94.9000806376408,"Rural",11170.79364,NA,40803,NA,NA,4.46773521554788,3.65265005468313
"Serengeti",2004,137,NA,188759,0.000725793207211312,72.5793207211312,"Rural",11170.79364,NA,42249,NA,NA,4.46777438519255,3.78209475186402
"Serengeti",2005,83,NA,195450,0.000424661038628805,42.4661038628805,"Rural",11170.79364,NA,43747,NA,NA,4.46773493039523,3.91619444507078
"Serengeti",2006,67,NA,202378,0.000331063653163881,33.1063653163881,"Rural",11170.79364,NA,45298,NA,NA,4.46770276833414,4.05503865345775
"Ngorongoro",2003,49,NA,133276,0.000367658092979981,36.7658092979981,"Rural",15944.43434,NA,19157,NA,NA,6.95703920238033,1.2014850819725
"Ngorongoro",2004,24,NA,137308,0.000174789524281178,17.4789524281178,"Rural",15944.43434,NA,19737,NA,NA,6.95688301160257,1.23786141164541
"Ngorongoro",2005,12,NA,141462,8.48284344912415e-05,8.48284344912415,"Rural",15944.43434,NA,20334,NA,NA,6.95691944526409,1.2753039440846
"Ngorongoro",2006,4,NA,145741,2.74459486349071e-05,2.74459486349071,"Rural",15944.43434,NA,20949,NA,NA,6.95694305217433,1.31387539709985
