"Bite.loc","n_bite.victims","p_bite.victims","n_bite.from.rabid.animal","p_bite.from.rabid.animal","P_rabid.bite_LCI","P_rabid.bite_UCI","n_no.pep","n_deaths","p_deaths","P_death_LCI","P_death_UCI"
"Arm",746,0.259297879735836,586,0.314546430488459,0.293498733513476,0.336179571083526,128,18,0.140625,0.0855232297219669,0.213114769387441
"Head",199,0.0691692735488356,164,0.0880300590445518,0.0755518907327755,0.101822260867577,39,15,0.384615384615385,0.23363932506582,0.553809431778006
"Leg",1566,0.544316996871741,855,0.458937198067633,0.43612082369268,0.481883055648699,237,30,0.126582278481013,0.0870592194531934,0.175749776012512
"Trunk",366,0.127215849843587,258,0.138486312399356,0.123111677858987,0.155008590928281,65,14,0.215384615384615,0.12305307524218,0.334887314547552
